GDP_range,Avg_Generosity
High,0.2920339700312501
Low,0.24983345791503264
Medium,0.20638022891764715
