Corr_Score_Life_Expectancy,Corr_Score_Freedom,Corr_Score_Generosity,Corr_Score_Corruption
0.10439006130151113,0.40079722796876904,0.04842690154966468,0.08017570739917602
